product_id,product_name,visual_group,image_path
P00001,Leche Jordán,leche,assets/leche.jpg
P00002,Leche Farmaceútica Vera - Pack 12,leche,assets/leche.jpg
P00003,Leche Infraestructuras Carlos - Pack 4,leche,assets/leche.jpg
P00004,Leche Comercial Bru,leche,assets/leche.jpg
P00005,Leche Suministros Pujol - Pack 2,leche,assets/leche.jpg
P00006,Leche Marca Blanca Basico - Pack 6,leche,assets/leche.jpg
P00007,Leche Banca Privada OLMJ - Pack 2,leche,assets/leche.jpg
P00008,Leche Logística Higueras - Pack 2,leche,assets/leche.jpg
P00009,Yogur Marca Blanca Basico (1),yogur,assets/yogur.jpg
P00010,Yogur Inmobiliaria Arroyo,yogur,assets/yogur.jpg
P00011,Yogur Desarrollo Oller - Pack 2,yogur,assets/yogur.jpg
P00012,Yogur Marca Blanca Bio - Pack 12,yogur,assets/yogur.jpg
P00013,Yogur Marca Blanca Basico (2),yogur,assets/yogur.jpg
P00014,Yogur Alimentación Villanueva - Pack 12,yogur,assets/yogur.jpg
P00015,Yogur Suministros BL,yogur,assets/yogur.jpg
P00016,Yogur Marca Blanca Seleccion - Pack 4,yogur,assets/yogur.jpg
P00017,Queso Marca Blanca Basico - Pack 2,queso,assets/queso.jpg
P00018,Queso Marca Blanca Seleccion - Pack 2,queso,assets/queso.jpg
P00019,Queso Canales,queso,assets/queso.jpg
P00020,Queso Soluciones RYD - Pack 4,queso,assets/queso.jpg
P00021,Queso Jose Francisco Sobrino Pinilla - Pack 12,queso,assets/queso.jpg
P00022,Queso Alimentación GDF - Pack 2,queso,assets/queso.jpg
P00023,Queso Servicios DGC - Pack 12,queso,assets/queso.jpg
P00024,Queso Alimentación Cuervo,queso,assets/queso.jpg
P00025,Huevos Inversiones Real - Pack 4,huevos,assets/huevos.jpg
P00026,Huevos Construcción Inteligentes - Pack 12,huevos,assets/huevos.jpg
P00027,Huevos Marca Blanca Seleccion (1),huevos,assets/huevos.jpg
P00028,Huevos Consultoría del Norte,huevos,assets/huevos.jpg
P00029,Huevos Instalaciones Española - Pack 4,huevos,assets/huevos.jpg
P00030,Huevos Hnos Amores - Pack 6,huevos,assets/huevos.jpg
P00031,Huevos Marca Blanca Seleccion (2),huevos,assets/huevos.jpg
P00032,Huevos Hotel Carrillo - Pack 4,huevos,assets/huevos.jpg
P00033,Pan Ani Criado Barberá,pan,assets/pan.jpg
P00034,Pan Belda,pan,assets/pan.jpg
P00035,Pan Marca Blanca Seleccion,pan,assets/pan.jpg
P00036,Pan Familia Julián - Pack 6,pan,assets/pan.jpg
P00037,Pan Servicios Internacionales,pan,assets/pan.jpg
P00038,Pan Suministros BL,pan,assets/pan.jpg
P00039,Pan Compañía ZDNN,pan,assets/pan.jpg
P00040,Pan Marca Blanca Bio - Pack 2,pan,assets/pan.jpg
P00041,Embutido y fiambre Desarrollo Tudela - Pack 6,embutido,assets/embutido.jpg
P00042,Embutido y fiambre Finanzas Globales - Pack 6,embutido,assets/embutido.jpg
P00043,Embutido y fiambre Tecnologías Sola,embutido,assets/embutido.jpg
P00044,Embutido y fiambre Infraestructuras Carlos,embutido,assets/embutido.jpg
P00045,Embutido y fiambre Grupo Giménez,embutido,assets/embutido.jpg
P00046,Embutido y fiambre Belda - Pack 6,embutido,assets/embutido.jpg
P00047,Embutido y fiambre Jose Francisco Sobrino Pinilla,embutido,assets/embutido.jpg
P00048,Embutido y fiambre Marca Blanca Seleccion - Pack 12,embutido,assets/embutido.jpg
P00049,Fruta Inmobiliaria Luján - Pack 4,fruta,assets/fruta.jpg
P00050,Fruta Familia Barrera - Pack 6,fruta,assets/fruta.jpg
P00051,Fruta Marca Blanca Seleccion - Pack 6,fruta,assets/fruta.jpg
P00052,Fruta Logística Higueras - Pack 2,fruta,assets/fruta.jpg
P00053,Fruta Fábrica Navarro - Pack 12,fruta,assets/fruta.jpg
P00054,Fruta Hervia y Medina,fruta,assets/fruta.jpg
P00055,Fruta Consultoría del Norte,fruta,assets/fruta.jpg
P00056,Fruta Vinicio Jove Huertas - Pack 4,fruta,assets/fruta.jpg
P00057,Verdura Tecnologías Tejero - Pack 4,verdura,assets/verdura.jpg
P00058,Verdura Hnos Trillo - Pack 2,verdura,assets/verdura.jpg
P00059,Verdura Restauración XRI - Pack 2,verdura,assets/verdura.jpg
P00060,Verdura Farmaceútica Revilla,verdura,assets/verdura.jpg
P00061,Verdura Comercial ZRYW - Pack 6,verdura,assets/verdura.jpg
P00062,Verdura Marca Blanca Basico - Pack 4,verdura,assets/verdura.jpg
P00063,Verdura Gonzalez y Yáñez,verdura,assets/verdura.jpg
P00064,Verdura Soluciones RYD - Pack 2,verdura,assets/verdura.jpg
P00065,Carne de pollo Marca Blanca Bio,carne_pollo,assets/carne_pollo.jpg
P00066,Carne de pollo Farmaceútica del Norte - Pack 2,carne_pollo,assets/carne_pollo.jpg
P00067,Carne de pollo Infraestructuras Castellana - Pack 12,carne_pollo,assets/carne_pollo.jpg
P00068,Carne de pollo Marca Blanca Seleccion - Pack 2,carne_pollo,assets/carne_pollo.jpg
P00069,Carne de pollo Marca Blanca Basico,carne_pollo,assets/carne_pollo.jpg
P00070,Carne de pollo Banco BID,carne_pollo,assets/carne_pollo.jpg
P00071,Carne de pollo Puente y Fiol - Pack 12,carne_pollo,assets/carne_pollo.jpg
P00072,Carne de pollo Restauración Morán - Pack 12,carne_pollo,assets/carne_pollo.jpg
P00073,Carne de ternera Tecnologías Iberia - Pack 12,carne_ternera,assets/carne_ternera.jpg
P00074,Carne de ternera Sin marca,carne_ternera,assets/carne_ternera.jpg
P00075,Carne de ternera Marca Blanca Basico - Pack 12,carne_ternera,assets/carne_ternera.jpg
P00076,Carne de ternera Farmaceútica EJ - Pack 12,carne_ternera,assets/carne_ternera.jpg
P00077,Carne de ternera Distribuciones FBQ,carne_ternera,assets/carne_ternera.jpg
P00078,Carne de ternera Marca Blanca Basico,carne_ternera,assets/carne_ternera.jpg
P00079,Carne de ternera Inversiones Sebastián - Pack 4,carne_ternera,assets/carne_ternera.jpg
P00080,Carne de ternera Alimentación Villanueva,carne_ternera,assets/carne_ternera.jpg
P00081,Pescado blanco Marca Blanca Seleccion - Pack 6,pescado_blanco,assets/pescado_blanco.jpg
P00082,Pescado blanco Instalaciones Española - Pack 4,pescado_blanco,assets/pescado_blanco.jpg
P00083,Pescado blanco Banca Privada OLMJ,pescado_blanco,assets/pescado_blanco.jpg
P00084,Pescado blanco Marca Blanca Basico,pescado_blanco,assets/pescado_blanco.jpg
P00085,Pescado blanco Comercializadora del Norte - Pack 2,pescado_blanco,assets/pescado_blanco.jpg
P00086,Pescado blanco Pinilla,pescado_blanco,assets/pescado_blanco.jpg
P00087,Pescado blanco Fábrica Miralles,pescado_blanco,assets/pescado_blanco.jpg
P00088,Pescado blanco Rubio,pescado_blanco,assets/pescado_blanco.jpg
P00089,Torrijas y bolleria de Cuaresma Alimentación Cuervo,torrijas,assets/torrijas.jpg
P00090,Torrijas y bolleria de Cuaresma Sáenz - Pack 4,torrijas,assets/torrijas.jpg
P00091,Torrijas y bolleria de Cuaresma Giménez y Torrents,torrijas,assets/torrijas.jpg
P00092,Torrijas y bolleria de Cuaresma Desarrollo MK - Pack 6,torrijas,assets/torrijas.jpg
P00093,Torrijas y bolleria de Cuaresma Marca Blanca Seleccion - Pack 6,torrijas,assets/torrijas.jpg
P00094,Torrijas y bolleria de Cuaresma Consultoría del Norte,torrijas,assets/torrijas.jpg
P00095,Torrijas y bolleria de Cuaresma Noemí Ramírez Falcón,torrijas,assets/torrijas.jpg
P00096,Torrijas y bolleria de Cuaresma Compañía Hurtado - Pack 12,torrijas,assets/torrijas.jpg
P00097,Bacalao Torralba y Andres,pescado_blanco,assets/pescado_blanco.jpg
P00098,Bacalao Dalmau y Solsona,pescado_blanco,assets/pescado_blanco.jpg
P00099,Bacalao Leal y Batalla - Pack 6,pescado_blanco,assets/pescado_blanco.jpg
P00100,Bacalao Inversiones Real - Pack 4,pescado_blanco,assets/pescado_blanco.jpg
P00101,Bacalao Hnos Amores - Pack 4,pescado_blanco,assets/pescado_blanco.jpg
P00102,Bacalao Eric Landa Chaparro - Pack 12,pescado_blanco,assets/pescado_blanco.jpg
P00103,Bacalao Fábrica KNI - Pack 6,pescado_blanco,assets/pescado_blanco.jpg
P00104,Bacalao Alimentación Villanueva - Pack 2,pescado_blanco,assets/pescado_blanco.jpg
P00105,Pasta Meléndez - Pack 12,pasta,assets/pasta.jpg
P00106,Pasta Fábrica KNI - Pack 12,pasta,assets/pasta.jpg
P00107,Pasta Barral y Cózar,pasta,assets/pasta.jpg
P00108,Pasta Fernandez - Pack 2,pasta,assets/pasta.jpg
P00109,Pasta Farmaceútica Revilla,pasta,assets/pasta.jpg
P00110,Pasta Familia Múgica - Pack 6,pasta,assets/pasta.jpg
P00111,Pasta Banco Mendez - Pack 6,pasta,assets/pasta.jpg
P00112,Pasta Tecnologías Iberia - Pack 2,pasta,assets/pasta.jpg
P00113,Salsa de tomate Jordán - Pack 12,salsa_tomate,assets/salsa_tomate.jpg
P00114,Salsa de tomate Marca Blanca Basico,salsa_tomate,assets/salsa_tomate.jpg
P00115,Salsa de tomate Vinicio Jove Huertas - Pack 6,salsa_tomate,assets/salsa_tomate.jpg
P00116,Salsa de tomate Hermanos Torres - Pack 2,salsa_tomate,assets/salsa_tomate.jpg
P00117,Salsa de tomate Sin marca - Pack 2,salsa_tomate,assets/salsa_tomate.jpg
P00118,Salsa de tomate Rubio,salsa_tomate,assets/salsa_tomate.jpg
P00119,Salsa de tomate Manufacturas Bueno,salsa_tomate,assets/salsa_tomate.jpg
P00120,Salsa de tomate Guadalupe Molins Salas - Pack 6,salsa_tomate,assets/salsa_tomate.jpg
P00121,Arroz Meléndez - Pack 12,arroz,assets/arroz.jpg
P00122,Arroz Hermanos Torres - Pack 2,arroz,assets/arroz.jpg
P00123,Arroz Comercializadora Donoso - Pack 2,arroz,assets/arroz.jpg
P00124,Arroz Frutos,arroz,assets/arroz.jpg
P00125,Arroz Alimentación GDF - Pack 12,arroz,assets/arroz.jpg
P00126,Arroz Hnos Trillo,arroz,assets/arroz.jpg
P00127,Arroz Marca Blanca Seleccion,arroz,assets/arroz.jpg
P00128,Arroz Puente y Fiol - Pack 6,arroz,assets/arroz.jpg
P00129,Legumbres Pinilla,legumbres,assets/legumbres.jpg
P00130,Legumbres Marca Blanca Bio,legumbres,assets/legumbres.jpg
P00131,Legumbres Farmaceútica del Norte,legumbres,assets/legumbres.jpg
P00132,Legumbres Marca Blanca Seleccion - Pack 2,legumbres,assets/legumbres.jpg
P00133,Legumbres Marca Blanca Bio - Pack 4,legumbres,assets/legumbres.jpg
P00134,Legumbres Jose Francisco Sobrino Pinilla - Pack 12,legumbres,assets/legumbres.jpg
P00135,Legumbres Infraestructuras Carlos - Pack 6,legumbres,assets/legumbres.jpg
P00136,Legumbres Iker Catalán Suárez,legumbres,assets/legumbres.jpg
P00137,Conservas de pescado Sola,conservas_pescado,assets/conservas_pescado.jpg
P00138,Conservas de pescado Dávila y Mascaró,conservas_pescado,assets/conservas_pescado.jpg
P00139,Conservas de pescado Marca Blanca Bio - Pack 2,conservas_pescado,assets/conservas_pescado.jpg
P00140,Conservas de pescado Belda - Pack 4,conservas_pescado,assets/conservas_pescado.jpg
P00141,Conservas de pescado Manufacturas Bueno,conservas_pescado,assets/conservas_pescado.jpg
P00142,Conservas de pescado Logística Higueras,conservas_pescado,assets/conservas_pescado.jpg
P00143,Conservas de pescado Finanzas Coronado - Pack 12,conservas_pescado,assets/conservas_pescado.jpg
P00144,Conservas de pescado Barral y Cózar,conservas_pescado,assets/conservas_pescado.jpg
P00145,Aceite de oliva Marca Blanca Bio - Pack 6,aceite_oliva,assets/aceite_oliva.jpg
P00146,Aceite de oliva Dalmau y Solsona - Pack 12,aceite_oliva,assets/aceite_oliva.jpg
P00147,Aceite de oliva Hermanos Tejedor,aceite_oliva,assets/aceite_oliva.jpg
P00148,Aceite de oliva Marca Blanca Bio - Pack 4,aceite_oliva,assets/aceite_oliva.jpg
P00149,Aceite de oliva Carmela Dalmau Landa - Pack 12,aceite_oliva,assets/aceite_oliva.jpg
P00150,Aceite de oliva Marca Blanca Bio - Pack 2,aceite_oliva,assets/aceite_oliva.jpg
P00151,Aceite de oliva Renata Morcillo Espada,aceite_oliva,assets/aceite_oliva.jpg
P00152,Aceite de oliva Marca Blanca Basico - Pack 2,aceite_oliva,assets/aceite_oliva.jpg
P00153,Cafe Cerdá y Serrano,cafe,assets/cafe.jpg
P00154,Cafe Desarrollo MK - Pack 2,cafe,assets/cafe.jpg
P00155,Cafe Inversiones Sebastián,cafe,assets/cafe.jpg
P00156,Cafe Banco Segovia - Pack 12,cafe,assets/cafe.jpg
P00157,Cafe Banco BID - Pack 2,cafe,assets/cafe.jpg
P00158,Cafe Transportes Bou,cafe,assets/cafe.jpg
P00159,Cafe Grupo Giménez - Pack 12,cafe,assets/cafe.jpg
P00160,Cafe Industrias EGVE - Pack 2,cafe,assets/cafe.jpg
P00161,Azucar y edulcorante Desarrollo Oller,azucar,assets/azucar.jpg
P00162,Azucar y edulcorante Grupo Gómez - Pack 4,azucar,assets/azucar.jpg
P00163,Azucar y edulcorante Marca Blanca Seleccion - Pack 6,azucar,assets/azucar.jpg
P00164,Azucar y edulcorante Marca Blanca Basico,azucar,assets/azucar.jpg
P00165,Azucar y edulcorante Lerma y Gimenez,azucar,assets/azucar.jpg
P00166,Azucar y edulcorante Inmobiliaria HUZ - Pack 2,azucar,assets/azucar.jpg
P00167,Azucar y edulcorante Requena - Pack 2,azucar,assets/azucar.jpg
P00168,Azucar y edulcorante Marca Blanca Bio,azucar,assets/azucar.jpg
P00169,Cereales Farmaceútica EJ - Pack 12,cereales,assets/cereales.jpg
P00170,Cereales Logística Higueras,cereales,assets/cereales.jpg
P00171,Cereales Soluciones Torralba - Pack 2,cereales,assets/cereales.jpg
P00172,Cereales Infraestructuras Castellana - Pack 4,cereales,assets/cereales.jpg
P00173,Cereales Dalmau y Solsona - Pack 2,cereales,assets/cereales.jpg
P00174,Cereales Marca Blanca Seleccion - Pack 12,cereales,assets/cereales.jpg
P00175,Cereales Marca Blanca Seleccion - Pack 4,cereales,assets/cereales.jpg
P00176,Cereales Sáenz - Pack 6,cereales,assets/cereales.jpg
P00177,Galletas Jose Francisco Sobrino Pinilla - Pack 6,galletas,assets/galletas.jpg
P00178,Galletas Servicios Internacionales - Pack 12,galletas,assets/galletas.jpg
P00179,Galletas Marca Blanca Bio,galletas,assets/galletas.jpg
P00180,Galletas Farmaceútica Vera,galletas,assets/galletas.jpg
P00181,Galletas Soluciones RYD - Pack 6,galletas,assets/galletas.jpg
P00182,Galletas Iniesta y Bilbao - Pack 6,galletas,assets/galletas.jpg
P00183,Galletas Frutos - Pack 4,galletas,assets/galletas.jpg
P00184,Galletas Pancho Mayoral Goñi,galletas,assets/galletas.jpg
P00185,Snacks y aperitivos Marca Blanca Basico - Pack 12 (1),snacks,assets/snacks.jpg
P00186,Snacks y aperitivos Marca Blanca Basico - Pack 12 (2),snacks,assets/snacks.jpg
P00187,Snacks y aperitivos Marca Blanca Bio - Pack 6,snacks,assets/snacks.jpg
P00188,Snacks y aperitivos Familia Julián,snacks,assets/snacks.jpg
P00189,Snacks y aperitivos Tecnologías Española - Pack 4,snacks,assets/snacks.jpg
P00190,Snacks y aperitivos Marca Blanca Seleccion,snacks,assets/snacks.jpg
P00191,Snacks y aperitivos Restauración XRI - Pack 2,snacks,assets/snacks.jpg
P00192,Snacks y aperitivos Galán y Font - Pack 6,snacks,assets/snacks.jpg
P00193,Palomitas de microondas Familia Huertas,palomitas,assets/palomitas.jpg
P00194,Palomitas de microondas Marca Blanca Basico,palomitas,assets/palomitas.jpg
P00195,Palomitas de microondas Industrias EGVE - Pack 2,palomitas,assets/palomitas.jpg
P00196,Palomitas de microondas Industrias EGVE - Pack 4,palomitas,assets/palomitas.jpg
P00197,Palomitas de microondas Cerdá y Serrano,palomitas,assets/palomitas.jpg
P00198,Palomitas de microondas Transportes Bou,palomitas,assets/palomitas.jpg
P00199,Palomitas de microondas Marca Blanca Bio,palomitas,assets/palomitas.jpg
P00200,Palomitas de microondas Distribuciones FBQ - Pack 12,palomitas,assets/palomitas.jpg
P00201,Harina Inmobiliaria HUZ - Pack 6,harina,assets/harina.jpg
P00202,Harina Marca Blanca Bio,harina,assets/harina.jpg
P00203,Harina Lerma y Gimenez - Pack 6,harina,assets/harina.jpg
P00204,Harina Iker Catalán Suárez - Pack 12,harina,assets/harina.jpg
P00205,Harina Puente y Fiol - Pack 12,harina,assets/harina.jpg
P00206,Harina Guadalupe Molins Salas,harina,assets/harina.jpg
P00207,Harina Marca Blanca Bio - Pack 6,harina,assets/harina.jpg
P00208,Harina Fábrica KNI - Pack 12,harina,assets/harina.jpg
P00209,Sal y especias Hermanos Madrid,especias,assets/especias.jpg
P00210,Sal y especias Inmobiliaria RPIA - Pack 12,especias,assets/especias.jpg
P00211,Sal y especias Marca Blanca Seleccion,especias,assets/especias.jpg
P00212,Sal y especias Renata Morcillo Espada - Pack 12,especias,assets/especias.jpg
P00213,Sal y especias Puente y Fiol,especias,assets/especias.jpg
P00214,Sal y especias Alimentación Cuervo - Pack 2,especias,assets/especias.jpg
P00215,Sal y especias Marca Blanca Bio - Pack 12,especias,assets/especias.jpg
P00216,Sal y especias Marca Blanca Bio,especias,assets/especias.jpg
P00217,Chocolate y huevos de Pascua Soluciones RYD - Pack 4,chocolate,assets/chocolate.jpg
P00218,Chocolate y huevos de Pascua Marca Blanca Seleccion - Pack 6,chocolate,assets/chocolate.jpg
P00219,Chocolate y huevos de Pascua Familia Julián - Pack 6,chocolate,assets/chocolate.jpg
P00220,Chocolate y huevos de Pascua Vinicio Jove Huertas - Pack 2,chocolate,assets/chocolate.jpg
P00221,Chocolate y huevos de Pascua Banca Privada OLMJ - Pack 4,chocolate,assets/chocolate.jpg
P00222,Chocolate y huevos de Pascua Noemí Ramírez Falcón - Pack 6,chocolate,assets/chocolate.jpg
P00223,Chocolate y huevos de Pascua Marca Blanca Basico - Pack 2,chocolate,assets/chocolate.jpg
P00224,Chocolate y huevos de Pascua Grupo Bauzà,chocolate,assets/chocolate.jpg
P00225,Sopas y caldos Marca Blanca Basico - Pack 12,sopas,assets/sopas.jpg
P00226,Sopas y caldos Enrique Roca Español - Pack 12,sopas,assets/sopas.jpg
P00227,Sopas y caldos Garcia,sopas,assets/sopas.jpg
P00228,Sopas y caldos Marca Blanca Basico,sopas,assets/sopas.jpg
P00229,Sopas y caldos Marca Blanca Basico - Pack 6,sopas,assets/sopas.jpg
P00230,Sopas y caldos Puente y Fiol,sopas,assets/sopas.jpg
P00231,Sopas y caldos Mir,sopas,assets/sopas.jpg
P00232,Sopas y caldos Minería TVGI,sopas,assets/sopas.jpg
P00233,Turron y mazapan Manufacturas Bueno,turron,assets/turron.jpg
P00234,Turron y mazapan Restauración SL - Pack 2,turron,assets/turron.jpg
P00235,Turron y mazapan Familia Huertas - Pack 4,turron,assets/turron.jpg
P00236,Turron y mazapan Alimentación Cuervo,turron,assets/turron.jpg
P00237,Turron y mazapan Inmobiliaria Arroyo,turron,assets/turron.jpg
P00238,Turron y mazapan López,turron,assets/turron.jpg
P00239,Turron y mazapan Marca Blanca Seleccion - Pack 4,turron,assets/turron.jpg
P00240,Turron y mazapan Servicios Internacionales - Pack 2,turron,assets/turron.jpg
P00241,Agua Giménez y Torrents,agua,assets/agua.jpg
P00242,Agua Inmobiliaria HUZ,agua,assets/agua.jpg
P00243,Agua Inmobiliaria RPIA,agua,assets/agua.jpg
P00244,Agua Servicios DGC,agua,assets/agua.jpg
P00245,Agua Comercializadora VCRE - Pack 4,agua,assets/agua.jpg
P00246,Agua Torralba y Andres - Pack 4,agua,assets/agua.jpg
P00247,Agua Iniesta y Bilbao - Pack 6,agua,assets/agua.jpg
P00248,Agua Tecnologías Sola,agua,assets/agua.jpg
P00249,Refrescos Caballero y Palomar,refrescos,assets/refrescos.jpg
P00250,Refrescos Farmaceútica Vera - Pack 6,refrescos,assets/refrescos.jpg
P00251,Refrescos Marca Blanca Basico,refrescos,assets/refrescos.jpg
P00252,Refrescos Grupo Gómez - Pack 6,refrescos,assets/refrescos.jpg
P00253,Refrescos Finanzas Globales - Pack 2,refrescos,assets/refrescos.jpg
P00254,Refrescos Farmaceútica del Norte,refrescos,assets/refrescos.jpg
P00255,Refrescos Pancho Mayoral Goñi,refrescos,assets/refrescos.jpg
P00256,Refrescos Marca Blanca Basico - Pack 4,refrescos,assets/refrescos.jpg
P00257,Zumos Desarrollo MK - Pack 2,zumos,assets/zumos.jpg
P00258,Zumos Carmela Dalmau Landa,zumos,assets/zumos.jpg
P00259,Zumos Marca Blanca Basico - Pack 4,zumos,assets/zumos.jpg
P00260,Zumos Iker Catalán Suárez,zumos,assets/zumos.jpg
P00261,Zumos Fábrica Navarro - Pack 4,zumos,assets/zumos.jpg
P00262,Zumos Ortiz,zumos,assets/zumos.jpg
P00263,Zumos Grupo Gómez - Pack 6,zumos,assets/zumos.jpg
P00264,Zumos Alimentación Villanueva,zumos,assets/zumos.jpg
P00265,Cerveza Hermanos Gallo - Pack 6,cerveza,assets/cerveza.jpg
P00266,Cerveza Requena - Pack 12,cerveza,assets/cerveza.jpg
P00267,Cerveza Martín - Pack 12,cerveza,assets/cerveza.jpg
P00268,Cerveza Infraestructuras Carlos - Pack 12,cerveza,assets/cerveza.jpg
P00269,Cerveza Marca Blanca Basico - Pack 6,cerveza,assets/cerveza.jpg
P00270,Cerveza Restauración SL,cerveza,assets/cerveza.jpg
P00271,Cerveza Vinicio Jove Huertas - Pack 4,cerveza,assets/cerveza.jpg
P00272,Cerveza Desarrollo Tudela,cerveza,assets/cerveza.jpg
P00273,Vino Inmobiliaria RPIA - Pack 4,vino,assets/vino.jpg
P00274,Vino Marca Blanca Bio - Pack 2,vino,assets/vino.jpg
P00275,Vino Instalaciones Española - Pack 4,vino,assets/vino.jpg
P00276,Vino Hervia y Medina,vino,assets/vino.jpg
P00277,Vino Dávila y Mascaró - Pack 6,vino,assets/vino.jpg
P00278,Vino Dalmau y Solsona - Pack 2,vino,assets/vino.jpg
P00279,Vino Transportes Bou - Pack 6,vino,assets/vino.jpg
P00280,Vino Vinicio Jove Huertas - Pack 4,vino,assets/vino.jpg
P00281,Cava y espumosos Alimentación Cuervo - Pack 2,cava,assets/cava.jpg
P00282,Cava y espumosos Marca Blanca Seleccion (1),cava,assets/cava.jpg
P00283,Cava y espumosos Marca Blanca Basico,cava,assets/cava.jpg
P00284,Cava y espumosos Inmobiliaria Arroyo - Pack 2,cava,assets/cava.jpg
P00285,Cava y espumosos Marca Blanca Seleccion (2),cava,assets/cava.jpg
P00286,Cava y espumosos Restauración Morán - Pack 6,cava,assets/cava.jpg
P00287,Cava y espumosos Jordán,cava,assets/cava.jpg
P00288,Cava y espumosos Banco Camps,cava,assets/cava.jpg
P00289,Detergente Alimentación Cuervo - Pack 12,detergente,assets/detergente.jpg
P00290,Detergente Marca Blanca Bio - Pack 2,detergente,assets/detergente.jpg
P00291,Detergente Soluciones RYD - Pack 4,detergente,assets/detergente.jpg
P00292,Detergente Marca Blanca Bio - Pack 12,detergente,assets/detergente.jpg
P00293,Detergente Marca Blanca Bio,detergente,assets/detergente.jpg
P00294,Detergente Dalmau y Solsona - Pack 2,detergente,assets/detergente.jpg
P00295,Detergente Jordán - Pack 6,detergente,assets/detergente.jpg
P00296,Detergente Minería TVGI - Pack 4,detergente,assets/detergente.jpg
P00297,Suavizante Hermanos Gomez - Pack 4,suavizante,assets/suavizante.jpg
P00298,Suavizante López - Pack 12,suavizante,assets/suavizante.jpg
P00299,Suavizante Marca Blanca Basico - Pack 12,suavizante,assets/suavizante.jpg
P00300,Suavizante Alimentación Campillo,suavizante,assets/suavizante.jpg
P00301,Suavizante Distribuciones Sala,suavizante,assets/suavizante.jpg
P00302,Suavizante Familia Huertas - Pack 2,suavizante,assets/suavizante.jpg
P00303,Suavizante Marca Blanca Seleccion - Pack 4,suavizante,assets/suavizante.jpg
P00304,Suavizante Pancho Mayoral Goñi - Pack 2,suavizante,assets/suavizante.jpg
P00305,Lavavajillas Marca Blanca Seleccion (1),lavavajillas,assets/lavavajillas.jpg
P00306,Lavavajillas Leal y Batalla - Pack 12,lavavajillas,assets/lavavajillas.jpg
P00307,Lavavajillas Servicios DGC - Pack 6,lavavajillas,assets/lavavajillas.jpg
P00308,Lavavajillas Marca Blanca Seleccion (2),lavavajillas,assets/lavavajillas.jpg
P00309,Lavavajillas Segura - Pack 2,lavavajillas,assets/lavavajillas.jpg
P00310,Lavavajillas Restauración Morán - Pack 2,lavavajillas,assets/lavavajillas.jpg
P00311,Lavavajillas Dalmau y Solsona - Pack 12,lavavajillas,assets/lavavajillas.jpg
P00312,Lavavajillas Hnos Amores - Pack 12,lavavajillas,assets/lavavajillas.jpg
P00313,Lejia y limpiadores Carmela Dalmau Landa,limpiadores_hogar,assets/limpiadores_hogar.jpg
P00314,Lejia y limpiadores Guadalupe Molins Salas - Pack 12,limpiadores_hogar,assets/limpiadores_hogar.jpg
P00315,Lejia y limpiadores Marca Blanca Basico,limpiadores_hogar,assets/limpiadores_hogar.jpg
P00316,Lejia y limpiadores Rubio - Pack 6,limpiadores_hogar,assets/limpiadores_hogar.jpg
P00317,Lejia y limpiadores Marca Blanca Bio - Pack 2,limpiadores_hogar,assets/limpiadores_hogar.jpg
P00318,Lejia y limpiadores Canales,limpiadores_hogar,assets/limpiadores_hogar.jpg
P00319,Lejia y limpiadores Marca Blanca Bio - Pack 6,limpiadores_hogar,assets/limpiadores_hogar.jpg
P00320,Lejia y limpiadores Marca Blanca Seleccion,limpiadores_hogar,assets/limpiadores_hogar.jpg
P00321,Limpiacristales Banco Camps - Pack 12,limpiadores_hogar,assets/limpiadores_hogar.jpg
P00322,Limpiacristales Marca Blanca Seleccion,limpiadores_hogar,assets/limpiadores_hogar.jpg
P00323,Limpiacristales Minería TVGI - Pack 4,limpiadores_hogar,assets/limpiadores_hogar.jpg
P00324,Limpiacristales Banco Mendez - Pack 4,limpiadores_hogar,assets/limpiadores_hogar.jpg
P00325,Limpiacristales Marca Blanca Bio - Pack 4,limpiadores_hogar,assets/limpiadores_hogar.jpg
P00326,Limpiacristales Torralba y Andres - Pack 12,limpiadores_hogar,assets/limpiadores_hogar.jpg
P00327,Limpiacristales Carmela Dalmau Landa - Pack 6,limpiadores_hogar,assets/limpiadores_hogar.jpg
P00328,Limpiacristales Banca Privada OLMJ - Pack 6,limpiadores_hogar,assets/limpiadores_hogar.jpg
P00329,Bolsas de basura Inmobiliaria Arroyo - Pack 6,bolsas_basura,assets/bolsas_basura.jpg
P00330,Bolsas de basura Marca Blanca Bio - Pack 2,bolsas_basura,assets/bolsas_basura.jpg
P00331,Bolsas de basura Hermanos Madrid - Pack 12,bolsas_basura,assets/bolsas_basura.jpg
P00332,Bolsas de basura Banco Camps - Pack 2,bolsas_basura,assets/bolsas_basura.jpg
P00333,Bolsas de basura Tecnologías Iberia,bolsas_basura,assets/bolsas_basura.jpg
P00334,Bolsas de basura Sáenz,bolsas_basura,assets/bolsas_basura.jpg
P00335,Bolsas de basura Distribuciones FBQ - Pack 4,bolsas_basura,assets/bolsas_basura.jpg
P00336,Bolsas de basura Dalmau y Solsona - Pack 4,bolsas_basura,assets/bolsas_basura.jpg
P00337,Protector solar Comercial ZRYW,protector_solar,assets/protector_solar.jpg
P00338,Protector solar Torres y Hernandez,protector_solar,assets/protector_solar.jpg
P00339,Protector solar Marca Blanca Seleccion - Pack 2,protector_solar,assets/protector_solar.jpg
P00340,Protector solar Hermanos Madrid - Pack 6,protector_solar,assets/protector_solar.jpg
P00341,Protector solar Marca Blanca Bio - Pack 6,protector_solar,assets/protector_solar.jpg
P00342,Protector solar Cerdá y Serrano - Pack 2,protector_solar,assets/protector_solar.jpg
P00343,Protector solar Marca Blanca Basico - Pack 4,protector_solar,assets/protector_solar.jpg
P00344,Protector solar Suministros Pujol,protector_solar,assets/protector_solar.jpg
P00345,Papel higienico Dalmau y Solsona - Pack 6,papel_higienico,assets/papel_higienico.jpg
P00346,Papel higienico Inversiones Real - Pack 2,papel_higienico,assets/papel_higienico.jpg
P00347,Papel higienico Marca Blanca Bio - Pack 4,papel_higienico,assets/papel_higienico.jpg
P00348,Papel higienico Cerdá y Serrano - Pack 2,papel_higienico,assets/papel_higienico.jpg
P00349,Papel higienico Galán y Font,papel_higienico,assets/papel_higienico.jpg
P00350,Papel higienico Marca Blanca Seleccion,papel_higienico,assets/papel_higienico.jpg
P00351,Papel higienico Restauración XRI - Pack 2,papel_higienico,assets/papel_higienico.jpg
P00352,Papel higienico Compañía Hurtado - Pack 2,papel_higienico,assets/papel_higienico.jpg
P00353,Champu Salmerón y Cuenca,champu,assets/champu.jpg
P00354,Champu Inmobiliaria Luján,champu,assets/champu.jpg
P00355,Champu Alimentación Marí - Pack 6,champu,assets/champu.jpg
P00356,Champu Marca Blanca Basico - Pack 4,champu,assets/champu.jpg
P00357,Champu Hermanos Madrid - Pack 12,champu,assets/champu.jpg
P00358,Champu Gonzalez y Yáñez,champu,assets/champu.jpg
P00359,Champu Marca Blanca Seleccion,champu,assets/champu.jpg
P00360,Champu Sáenz - Pack 2,champu,assets/champu.jpg
P00361,Acondicionador Familia Julián,acondicionador,assets/acondicionador.jpg
P00362,Acondicionador Requena,acondicionador,assets/acondicionador.jpg
P00363,Acondicionador Hermanos Torres - Pack 6,acondicionador,assets/acondicionador.jpg
P00364,Acondicionador Fernandez - Pack 12,acondicionador,assets/acondicionador.jpg
P00365,Acondicionador Enrique Roca Español - Pack 12,acondicionador,assets/acondicionador.jpg
P00366,Acondicionador Renata Morcillo Espada,acondicionador,assets/acondicionador.jpg
P00367,Acondicionador Fabián Falcó Martin,acondicionador,assets/acondicionador.jpg
P00368,Acondicionador Grupo Bauzà - Pack 2,acondicionador,assets/acondicionador.jpg
P00369,Gel de ducha Marca Blanca Basico - Pack 12,gel_ducha,assets/gel_ducha.jpg
P00370,Gel de ducha Tecnologías Sola,gel_ducha,assets/gel_ducha.jpg
P00371,Gel de ducha Instalaciones Española,gel_ducha,assets/gel_ducha.jpg
P00372,Gel de ducha Grupo Pascual,gel_ducha,assets/gel_ducha.jpg
P00373,Gel de ducha Pancho Mayoral Goñi - Pack 6,gel_ducha,assets/gel_ducha.jpg
P00374,Gel de ducha Marca Blanca Bio - Pack 12,gel_ducha,assets/gel_ducha.jpg
P00375,Gel de ducha Pinilla - Pack 12,gel_ducha,assets/gel_ducha.jpg
P00376,Gel de ducha Hervia y Medina - Pack 12,gel_ducha,assets/gel_ducha.jpg
P00377,Pasta de dientes Marca Blanca Basico,pasta_dientes,assets/pasta_dientes.jpg
P00378,Pasta de dientes Inmobiliaria Luján - Pack 4,pasta_dientes,assets/pasta_dientes.jpg
P00379,Pasta de dientes Lerma y Gimenez,pasta_dientes,assets/pasta_dientes.jpg
P00380,Pasta de dientes Jordán - Pack 12,pasta_dientes,assets/pasta_dientes.jpg
P00381,Pasta de dientes Infraestructuras Castellana - Pack 12,pasta_dientes,assets/pasta_dientes.jpg
P00382,Pasta de dientes Alimentación GDF - Pack 4,pasta_dientes,assets/pasta_dientes.jpg
P00383,Pasta de dientes Hervia y Medina - Pack 6,pasta_dientes,assets/pasta_dientes.jpg
P00384,Pasta de dientes Familia Mir - Pack 4,pasta_dientes,assets/pasta_dientes.jpg
P00385,Desodorante Comercial ZRYW - Pack 12,desodorante,assets/desodorante.jpg
P00386,Desodorante Marca Blanca Bio,desodorante,assets/desodorante.jpg
P00387,Desodorante Fábrica Navarro,desodorante,assets/desodorante.jpg
P00388,Desodorante Instalaciones Española - Pack 12,desodorante,assets/desodorante.jpg
P00389,Desodorante Belda - Pack 2,desodorante,assets/desodorante.jpg
P00390,Desodorante Farmaceútica EJ,desodorante,assets/desodorante.jpg
P00391,Desodorante Fernandez,desodorante,assets/desodorante.jpg
P00392,Desodorante Marca Blanca Basico,desodorante,assets/desodorante.jpg
P00393,Higiene femenina Marca Blanca Basico,higiene_femenina,assets/higiene_femenina.jpg
P00394,Higiene femenina Galán y Font,higiene_femenina,assets/higiene_femenina.jpg
P00395,Higiene femenina Construcción Inteligentes - Pack 4,higiene_femenina,assets/higiene_femenina.jpg
P00396,Higiene femenina Marca Blanca Seleccion,higiene_femenina,assets/higiene_femenina.jpg
P00397,Higiene femenina Alimentación Campillo,higiene_femenina,assets/higiene_femenina.jpg
P00398,Higiene femenina Familia Múgica,higiene_femenina,assets/higiene_femenina.jpg
P00399,Higiene femenina Barral y Cózar - Pack 6,higiene_femenina,assets/higiene_femenina.jpg
P00400,Higiene femenina Soluciones Torralba,higiene_femenina,assets/higiene_femenina.jpg
P00401,Panales Hermanos Tejedor - Pack 12,panales,assets/panales.jpg
P00402,Panales Industrias EGVE,panales,assets/panales.jpg
P00403,Panales Fábrica KNI,panales,assets/panales.jpg
P00404,Panales Dionisio Huguet Gomila - Pack 4,panales,assets/panales.jpg
P00405,Panales Perea y Ríos - Pack 2,panales,assets/panales.jpg
P00406,Panales Marca Blanca Seleccion - Pack 4,panales,assets/panales.jpg
P00407,Panales Soluciones RYD - Pack 4,panales,assets/panales.jpg
P00408,Panales Marca Blanca Seleccion,panales,assets/panales.jpg
P00409,Toallitas humedas Banca Privada OLMJ,toallitas,assets/toallitas.jpg
P00410,Toallitas humedas Sin marca,toallitas,assets/toallitas.jpg
P00411,Toallitas humedas Grupo Gómez,toallitas,assets/toallitas.jpg
P00412,Toallitas humedas Hermanos Gallo - Pack 12,toallitas,assets/toallitas.jpg
P00413,Toallitas humedas Hnos Amores,toallitas,assets/toallitas.jpg
P00414,Toallitas humedas Hervia y Medina,toallitas,assets/toallitas.jpg
P00415,Toallitas humedas Salmerón y Cuenca - Pack 6,toallitas,assets/toallitas.jpg
P00416,Toallitas humedas Despacho IJFU,toallitas,assets/toallitas.jpg
P00417,Leche infantil Leal y Batalla,leche_infantil,assets/leche_infantil.jpg
P00418,Leche infantil Alimentación Marí - Pack 12,leche_infantil,assets/leche_infantil.jpg
P00419,Leche infantil Marca Blanca Bio,leche_infantil,assets/leche_infantil.jpg
P00420,Leche infantil Transportes Bou - Pack 12,leche_infantil,assets/leche_infantil.jpg
P00421,Leche infantil Barral y Cózar,leche_infantil,assets/leche_infantil.jpg
P00422,Leche infantil Mir,leche_infantil,assets/leche_infantil.jpg
P00423,Leche infantil Marca Blanca Basico - Pack 2,leche_infantil,assets/leche_infantil.jpg
P00424,Leche infantil Hnos Trillo,leche_infantil,assets/leche_infantil.jpg
P00425,Potitos Minería TVGI - Pack 4,potitos,assets/potitos.jpg
P00426,Potitos Marca Blanca Basico,potitos,assets/potitos.jpg
P00427,Potitos Pablo y Roda - Pack 4,potitos,assets/potitos.jpg
P00428,Potitos Hermanos Gomez - Pack 2,potitos,assets/potitos.jpg
P00429,Potitos Familia Huertas - Pack 12,potitos,assets/potitos.jpg
P00430,Potitos Fábrica KNI,potitos,assets/potitos.jpg
P00431,Potitos Comercializadora Donoso - Pack 12,potitos,assets/potitos.jpg
P00432,Potitos Noemí Ramírez Falcón - Pack 4,potitos,assets/potitos.jpg
P00433,Comida para perro Consultoría del Norte,comida_perro,assets/comida_perro.jpg
P00434,Comida para perro Alimentación GDF - Pack 12,comida_perro,assets/comida_perro.jpg
P00435,Comida para perro Puente y Fiol - Pack 6,comida_perro,assets/comida_perro.jpg
P00436,Comida para perro Farmaceútica Vera,comida_perro,assets/comida_perro.jpg
P00437,Comida para perro Fernandez - Pack 2,comida_perro,assets/comida_perro.jpg
P00438,Comida para perro Marca Blanca Seleccion,comida_perro,assets/comida_perro.jpg
P00439,Comida para perro Iker Catalán Suárez - Pack 2,comida_perro,assets/comida_perro.jpg
P00440,Comida para perro Familia Mir - Pack 12,comida_perro,assets/comida_perro.jpg
P00441,Comida para gato Instalaciones Española - Pack 6,comida_gato,assets/comida_gato.jpg
P00442,Comida para gato Lerma y Gimenez - Pack 6,comida_gato,assets/comida_gato.jpg
P00443,Comida para gato Hermanos Tejedor - Pack 4,comida_gato,assets/comida_gato.jpg
P00444,Comida para gato Benigna Iglesias Alberdi - Pack 4,comida_gato,assets/comida_gato.jpg
P00445,Comida para gato Inmobiliaria HUZ - Pack 4,comida_gato,assets/comida_gato.jpg
P00446,Comida para gato Jordán,comida_gato,assets/comida_gato.jpg
P00447,Comida para gato Hermanos Madrid - Pack 12,comida_gato,assets/comida_gato.jpg
P00448,Comida para gato Grupo Antón - Pack 2,comida_gato,assets/comida_gato.jpg
P00449,Arena para gato Sin marca,arena_gato,assets/arena_gato.jpg
P00450,Arena para gato Suministros BL - Pack 2,arena_gato,assets/arena_gato.jpg
P00451,Arena para gato Bermúdez y Marcos,arena_gato,assets/arena_gato.jpg
P00452,Arena para gato Marca Blanca Basico - Pack 4,arena_gato,assets/arena_gato.jpg
P00453,Arena para gato Ani Criado Barberá - Pack 6,arena_gato,assets/arena_gato.jpg
P00454,Arena para gato Logística Higueras,arena_gato,assets/arena_gato.jpg
P00455,Arena para gato Tecnologías Española - Pack 4,arena_gato,assets/arena_gato.jpg
P00456,Arena para gato Fernandez - Pack 4,arena_gato,assets/arena_gato.jpg
P00457,Verduras congeladas Guadalupe Molins Salas - Pack 6,verduras_congeladas,assets/verduras_congeladas.jpg
P00458,Verduras congeladas Marca Blanca Basico - Pack 6,verduras_congeladas,assets/verduras_congeladas.jpg
P00459,Verduras congeladas Hnos Amores,verduras_congeladas,assets/verduras_congeladas.jpg
P00460,Verduras congeladas Torres y Hernandez - Pack 4,verduras_congeladas,assets/verduras_congeladas.jpg
P00461,Verduras congeladas Gonzalez y Yáñez - Pack 12,verduras_congeladas,assets/verduras_congeladas.jpg
P00462,Verduras congeladas Farmaceútica Vera,verduras_congeladas,assets/verduras_congeladas.jpg
P00463,Verduras congeladas Marca Blanca Seleccion - Pack 4,verduras_congeladas,assets/verduras_congeladas.jpg
P00464,Verduras congeladas Banca Privada OLMJ,verduras_congeladas,assets/verduras_congeladas.jpg
P00465,Pizza congelada Farmaceútica del Norte - Pack 12,pizza,assets/pizza.jpg
P00466,Pizza congelada Marca Blanca Bio,pizza,assets/pizza.jpg
P00467,Pizza congelada Soluciones RYD - Pack 12,pizza,assets/pizza.jpg
P00468,Pizza congelada López,pizza,assets/pizza.jpg
P00469,Pizza congelada Noemí Ramírez Falcón,pizza,assets/pizza.jpg
P00470,Pizza congelada Dalmau y Solsona - Pack 2,pizza,assets/pizza.jpg
P00471,Pizza congelada Servicios DGC - Pack 4,pizza,assets/pizza.jpg
P00472,Pizza congelada Restauración XRI,pizza,assets/pizza.jpg
P00473,Precocinados congelados Tecnologías Española,precocinados,assets/precocinados.jpg
P00474,Precocinados congelados Marca Blanca Seleccion - Pack 2,precocinados,assets/precocinados.jpg
P00475,Precocinados congelados Hermanos Madrid,precocinados,assets/precocinados.jpg
P00476,Precocinados congelados Benigna Iglesias Alberdi - Pack 6,precocinados,assets/precocinados.jpg
P00477,Precocinados congelados Sin marca - Pack 2,precocinados,assets/precocinados.jpg
P00478,Precocinados congelados Comercial Bru,precocinados,assets/precocinados.jpg
P00479,Precocinados congelados Marca Blanca Basico,precocinados,assets/precocinados.jpg
P00480,Precocinados congelados Consultoría del Norte,precocinados,assets/precocinados.jpg
P00481,Helados Farmaceútica EJ - Pack 4,helados,assets/helados.jpg
P00482,Helados Marca Blanca Bio,helados,assets/helados.jpg
P00483,Helados Marca Blanca Bio - Pack 6,helados,assets/helados.jpg
P00484,Helados Fabián Falcó Martin - Pack 12,helados,assets/helados.jpg
P00485,Helados Tecnologías Española,helados,assets/helados.jpg
P00486,Helados Hnos Amores - Pack 12,helados,assets/helados.jpg
P00487,Helados Industrias EGVE - Pack 4,helados,assets/helados.jpg
P00488,Helados Comercializadora del Norte,helados,assets/helados.jpg
P00489,Marisco Marca Blanca Bio - Pack 12,marisco,assets/marisco.jpg
P00490,Marisco Puente y Fiol - Pack 6,marisco,assets/marisco.jpg
P00491,Marisco Familia Huertas - Pack 6,marisco,assets/marisco.jpg
P00492,Marisco Benigna Iglesias Alberdi - Pack 12,marisco,assets/marisco.jpg
P00493,Marisco Jordán - Pack 2,marisco,assets/marisco.jpg
P00494,Marisco Marca Blanca Seleccion - Pack 4,marisco,assets/marisco.jpg
P00495,Marisco Marca Blanca Bio - Pack 4,marisco,assets/marisco.jpg
P00496,Marisco Barral y Cózar,marisco,assets/marisco.jpg
